"Dirección","Ciudad y CP","Colecciones"
"Av Portal de l'Àngel, 7","Barcelona 08002","Mujer+Niños"
"Av Jaume III 9","Palma 07012","Mujer"
"Mar 44","Badalona 08911","Mujer"
"Don Juan de Austria 7","Valencia 46002","Mujer"
"Porto Pi - Av Gabriel Roca 54","Palma 07015","Mujer"
"Av Alexandre Rosselló 30","Palma 07002","Mujer+Hombre"
"Av. Maissonave 33-39","Alicante 03003","Mujer+Hombre+Niños"
"Uría 30","OVIEDO 33003","Mujer+Niños"
"CC GranCasa - Poetisa María Zambrano, 35","Zaragoza 50018","Mujer+Casa"
"Av Ricardo Soriano 17","Marbella 29601","Mujer"
"CC Nuevo Centro - Av Pío XII 2 4 6","Valencia 46009","Mujer+Niños"
"Parc Central - Av Cardenal Vidal Barraq 15","Tarragona 43005","Mujer+Niños"
"Nervion Plaza - Luis de Morales S-N","Sevilla 41005","Mujer+Niños"
"CC Garbera - Travesia de Garbera 1","San Sebastián 20017","Mujer+Niños"
"CC L'Illa Diagonal - Av Diagonal 545 577","Barcelona 08029","Mujer"
"Girona 20-22","Figueras 17600","Mujer"
"Columela 23 bl esq jose del toro","Cádiz 11004","Mujer+Hombre"
"Las Rosas - Av Guadalajara S-N CC Las Rosas","Madrid 28037","Mujer+Niños"
"Enmedio 59 - bl esq Colon 40","Castellón de la Plana 12001","Mujer+Niños"
"Recogidas 11","Granada 18005","Mujer+Hombre+Niños"
"O'Donnell 7","Sevilla 41001","Mujer+Niños"
"La Marina - Mango woman, País Valencià,2 ,1er piso local. 36","Finestrat 03509","Mujer"
"CC Mediterraneo - Av del Mediterráneo S-N","Almería 04009","Mujer+Niños"
"Major 74 76","Lleida 25007","Mujer+Hombre+Niños"
"Héroes de Alcántara 4","Valladolid 47001","Mujer"
"Fuencarral 70","Madrid 28004","Mujer+Hombre+Niños"
"Av Libertad 2 L3 - MUJER","Murcia 30009","Mujer"
"Av del Gran Capitán 14 16","Córdoba 14001","Mujer"
"Ps Independencia 19 LOCAL","Zaragoza 50001","Mujer+Hombre+Niños"
"CC Baricentro - Cr Nacional 150 Km 6, 7 (Polígono Industrial A)","Barberà del Vallès 08210","Mujer+Niños"
"Concepción 17","Huelva 21001","Mujer"
"CC La Maquinista - C/ Potosí 2 local B-34","Barcelona 08030","Mujer+Hombre"
"El Ingenio - Av Juan Carlos I S-N (Polígono Industrial la Pañoleta)","VÉLEZ-MÁLAGA 29740","Mujer"
"Real 85","A Coruña 15003","Mujer"
"CC Maremagnum - Moll d'Espanya S-N","Barcelona 08039","Mujer"
"Aqua Multiespacio - Menorca bl esq Pintor Maella","Valencia 46023","Mujer+Hombre"
"CC Txingudi - Lg Barrio Ventas 80 Parque Comercial Txingudi","Irun 20305","Mujer+Niños"
"Parquesur - Av Gran Bretaña 24","LEGANÉS 28916","Mujer+Hombre"
"Preciados 10","Madrid 28013","Mujer+Hombre"
"Tinte 5","ALBACETE 02001","Mujer"
"La Gavia - Av de las Suertes S/N","Madrid 28051","Mujer+Hombre+Niños"
"Gran Vía 32","MADRID 28013","Mujer"
"CC Zielo Shopping - Av Europa 26 B Vía de las Dos Castillas esq Ctra de Aravaca","Pozuelo de Alarcón 28224","Mujer"
"La Salera - Cr Nacional 340 Km 500, carr. nacional, 64","Castellón de la Plana 12006","Mujer+Hombre"
"CC Plaza Norte 2 - Pz Comercio 11-12 12","MADRID 28703","Hombre"
"CC INTU XANADU - Cr Nac V Km 23500 marg Iz A","Arroyomolinos 28939","Mujer+Hombre+Niños"
"Bahia Sur - Caño Herrera S-N","SAN FERNANDO 11100","Mujer"
"Gaztambide-carrera 8","TUDELA 31500","Mujer"
"almorida 1","Elche 03203","Mujer"
"Av Mediterráneo 1","Benidorm 03503","Mujer"
"CC Gran Plaza 2 - Químicos 2, local B048","Majadahonda 28222","Mujer"
"Fuencarral 4","Madrid 28004","Hombre"
"Bolsa 1","Málaga 29015","Mujer"
"Holea - Ronda Exterior Sur S-N","Huelva 21007","Mujer+Hombre+Niños"
"Velázquez 7","Sevilla 41001","Hombre"
"Gran Vía Diego López de Haro 13","Bilbao 48001","Mujer+Hombre+Niños"
"Ps Gràcia 36","Barcelona 08007","Mujer+Hombre"
"Av Carlos III El Noble 31","Pamplona 31002","Mujer"
"Nevada - Av. DE LAS PALMERAS, 75","Armilla 18100","Niños"
"Sant Miquel 18","Palma 07002","Mujer+Niños"
"Consolación 9","Torrelavega 39300","Mujer"
"Puerto Venecia - Av Casa de la Colina S-N L104","Zaragoza 50021","Hombre+Casa"
"Àngel Guimerà 48","MANRESA 08241","Mujer+Niños"
"Do Xeneral Pardiñas 22-24","Santiago de Compostela 15701","Mujer+Niños"
"Principe 57","Vigo 36202","Hombre"
"Santiago 2","Valladolid 47001","Hombre"
"Benito Corbal 27","Pontevedra 36001","Hombre"
"Parque Comercial La Cañada - Cr Ojén S-N","MARBELLA 29603","Mujer+Niños"
"CC Nervion - Luis de Morales S-N L B 9","Sevilla 41005","Hombre"
"Parque Comercial La Cañada - Cr Ojén S-N Local 2/3","Marbella 29603","Hombre"
"Av Carlos III El Noble 11","Pamplona 31002","Hombre"
"Av Alexandre Rosselló 32","Palma 07002","Niños"
"CC Mataró Parc - Estrasburg 5, L 15-16-23-24","Mataró 08304","Hombre"
"CC Arenas - Gran Via de les Corts Catalanes 373-385 planta 1 local WOMAN","Barcelona 08015","Mujer+Niños"
"CC Las Arenas - Gran Via de les Corts Catalanes 373 385, planta 1 local MAN.","Barcelona 08015","Hombre"
"Ps Gràcia 22","Barcelona 08007","Niños"
"CC Plenilunio - Aracne S-N (Polígono Industrial las Mercedes)","Madrid 28022","Mujer+Hombre+Niños"
"Ps Gràcia 29-31","Barcelona 08007","Hombre"
"Espai Gironès - Cm Carlins 10","Girona 17190","Mujer+Niños"
"Corrida 28","Gijón 33206","Mujer+Hombre+Niños"
"HANNOVER 34","MAHON 07703","Mujer+Niños"
"Orense 13","Madrid 28020","Mujer+Hombre+Niños"
"CALLE SERRANO, 60","Madrid 28001","Mujer+Hombre+Niños"
"CC L'Aljub - Jacarilla 7 loc B 51","Elche 03014","Hombre"
"L'Aljub - Jacarilla 7 loc b 38 /a 19","Elche 03205","Mujer+Niños"
"Principe 55","Vigo 36202","Mujer+Niños"
"parque principado - Autovia A - 66 Km 4, 5 Paredes","OVIEDO 33429","Mujer+Hombre+Niños"
"Toro 11-13","Salamanca 37002","Mujer+Niños"
"La Vaguada - Av Monforte de Lemos 36 L A 4 A A 4 B","Madrid 28029","Mujer+Hombre"
"San Antón 5 7","Logroño 26002","Mujer+Hombre+Niños"
"CC Bonaire - Cr Nac Iii - Con Ctra Aldaia - T","Aldaya 46960","Mujer+Hombre+Niños"
"Cuatro Caminos - Ramón y Cajal 55","A Coruña 15006","Mujer+Niños"
"Rb Catalunya 90","Barcelona 08008","Mujer+Hombre"
"Benito Corbal 8","Pontevedra 36001","Mujer+Niños"
"Av S'Agaró 10 12","Platja d'Aro 17250","Mujer+Hombre+Niños"
"Av Ordoño II 13","LEON 24001","Mujer+Hombre+Niños"
"Colón 44","Valencia 46004","Mujer+Niños"
"Av Santa Eularia des Riu 1","Ibiza 07800","Mujer"
"De sa Creu 26","Ibiza 07800","Hombre"
"Getaria 7 Ed. Guetaria","San Sebastián 20005","Hombre"
"Nou 9","MAHON 07701","Hombre"
"Goya 79-81","Madrid 28001","Mujer+Hombre+Niños"
"Av Portal de l'Àngel 5","Barcelona 08002","Hombre"
"CC Nevada - Hipócrates S-N","Armilla 18100","Mujer+Hombre+Niños"
"CC La Marina - MANGO MAN,País Valencia 2 l. 43 44 (Polígono Industrial la Cala)","Finestrat 03509","Hombre"
"Marqués de Larios 6","Málaga 29005","Hombre"
"Jesús de Monasterio 19","Santander 39008","Mujer+Hombre+Niños"
"Av. del gran Capitan, 9 PB","Córdoba 14008","Hombre"
"Finestrelles - Carrer Laureà Miró 38 ,Nou 4","Finestrat 08950","Mujer+Hombre+Niños"
"LARIOS CENTRO - AV. DE LA AURORA 25, L-A1121","Málaga 29002","Hombre"
"C/ URIA, 1","Oviedo 33003","Hombre"
"Avda. PASEO DE ALMERIA, 27","Almería 04001","Mujer"
"Rodríguez arias 23","Bilbao 48011","Niños"
"Av.S`AGARO, 4","Girona 17250","Niños"
"PLAZA DE LUGO, 18","A Coruña 15004","Hombre"
"C.C. ESPACIO LEÓN - Av.DEL PAIS LEONES, 12 L:2.24","LEON 24010","Mujer+Hombre+Niños"
"RB PRINCIPAL 76","Vilanova i la Geltrú 08800","Mujer"
"C/ TORO, 27","Salamanca 37002","Hombre"
"Torrecárdenas - Av. Médico Francisco Pérez Company","Almería 04009","Mujer+Hombre+Niños"
"CC La Fira - Av Sant Jordi","Reus 43201","Mujer+Hombre+Niños"
"Carrer de la Canuda 2 4","Barcelona 08002","Mujer+Hombre+Niños"
"Arena Multiespacio - Santa Genoveva Torres 21","Valencia 46019","Mujer"
"Arena Multiespacio - Sta Genoveva Torres 21, loc.21","Valencia 46019","Hombre"
"Fan SC - Cardenal Rossell S-N","Palma 07007","Mujer+Hombre+Niños"
"CC As Termas - Av Duquesa de Lugo Infanta Elena (Polígono Industrial o Ceao)","Lugo 27297","Mujer+Hombre+Niños"
"Colón 31","Valencia 46004","Hombre"
"westfield glories - AVINGUDA DIAGONAL, 208","Barcelona 08018","Mujer+Niños"
"PLAZA MARQUES DE PALMER, 6","Palma 07001","Hombre"
"C/PRINCIPE, 45","Vigo 36202","Niños"
"C/VICENTE CUERVO, 15","Ibiza 07800","Niños"
"rio shopping - calle ME FALTA UN TORNILLO,3","Valladolid 47195","Mujer"
"PLAZA DE ESPAÑA, 19 local 3","Madrid 28013","Mujer+Hombre+Niños"
"C/NUEVA, 24","Málaga 29005","Niños"
"Dos Mares - San Javier Dos mares N-332 cruce el mirador ( Murcia ) local A-02","Murcia 30730","Mujer"
"CC AQUA - C/DE MENORCA, 19","Valencia 46023","Niños"
"C/URIA, 26","Oviedo 33003","Niños"
"PLAZA NORTE 2 - MANGO KIDS - PL. DEL COMERCIO, 11-12","San Sebastián de los Reyes 28703","Niños"
"Plaza norte 2 - PLAZA NORTE 2, B62A-MANGO TEEN","Madrid 28703","Niños"
"BAHIA SUR - AVDA. CAÑO HERRERA, S/N","San Fernando 11100","Niños"
"Centro Comercial Larios - Av. DE LA AURORA, 25","Málaga 29002","Niños"
"PASEO GRACIA, 65","Barcelona 08008","Niños"
"Gran Jonquera SC - Av.DE GALICIA, 22-28","La Jonquera 17700","Mujer+Hombre+Niños"
"AVENIDA DIAGONAL, 514","Barcelona 08006","Mujer+Hombre+Niños"
"Lagoh - Av. DE PALMAS ALTAS, 1","Sevilla 41012","Niños"
"luz del tajo - Av. DEL RIO BOLADIEZ, s/n c.ccial luz del tajo","Toledo 45007","Mujer+Niños"
"RAMBLA, 81 BAJOS","Sabadell 08202","Hombre"
"CENTRO COMERCIALNUEVA CONDOMINA - AUTOVIA DEL MEDITERRANEO,","Murcia 30110","Niños"
"CC INTU XANADÚ - Cr Nav V Km 23500 marg lz A","Arroyomolinos 28939","Niños"
"PUERTO VENECIA - C.C.PUERTO VENECIA local:143","Zaragoza 50021","Mujer"
"Puerto Venecia - C.C.PUERTO VENECIA local:107","Zaragoza 50021","Niños"
"Illa Diagonal - Av. DIAGONAL, 557 local: 3.33/3.34","Barcelona 08029","Niños"
"Illa Diagonal - Av. DIAGONAL, 557 local: 3.25","Barcelona 08029","Niños"
"C/SAN ELOY, 11","Sevilla 41001","Niños"
"Rio Shopping - C/ME FALTA UN TORNILLO, 3","Valladolid 47195","Niños"
"As Cancelas MANGO TEEN - Av. do camiño frances, 3","Santiago de Compostela 15703","Niños"
"Av.GRAN CAPITAN,18, L 3 y 1-G","Córdoba 14008","Niños"
"calle MIGDIA, 4","Girona 17002","Niños"
"C/BISBE LORENZANA, 29","Girona 17002","Mujer+Hombre+Niños"
"Gran Via - RUA DO MIRADOIRO, 2","Vigo 36210","Niños"
"LaGavia - C/ADOLFO BIOY CASARES, 2","Madrid 28051","Niños"
"PASEO PERE III, 30","Manresa 08242","Hombre"
"C/SANTANDER, 21","Burgos 09004","Hombre"
"CC MARINEDA CITY - EST. BAÑOS DE ARTEIXO, 43","A Coruña 15008","Niños"
"La Illa Diagonal - AVENIDA DIAGONAL, 557","Barcelona 08029","Mujer"
"Rio Shopping - C/ME FALTA UN TORNILLO, 3","Valladolid 47195","Hombre"
"Miramar - Av. DE LA ENCARNACION s/n","Fuengirola 29640","Niños"
"Gran Via de Vigo - RUA MIRADOIRO, 2","Vigo 36210","Mujer+Niños"
"Gran Plaza - AV. DE ALICUN S/N L. 107-108","ROQUETAS DE MAR 04740","Mujer"
"Islazul - C/CALDERILLA 1 L.T120-120A-121","Madrid 28054","Mujer+Hombre"
"Illa Diagonal - Av. Diagonal, 557, Local 2.52","Barcelona 08029","Hombre"
"Paseo del Espolón, 32","Burgos 09003","Mujer"
"Explanada de la estacion Vialia - Explanada de la estacion S/N","Málaga 29002","Mujer"
"C.C.NUEVA CONDOMINA - A-7,, Km. 760, Churra","Murcia 30110","Mujer+Hombre+Niños"
"Loranca - Av. De Pablo Iglesias, 17","Fuenlabrada 28942","Mujer+Niños"
"Gran Via hortaleza - Calle Ayacucho, 6","Madrid 28043","Mujer+Hombre+Niños"
"PARQUE COMERCIAL ABADíA - Ctra. CM-4003 Toledo","Toledo 45003","Mujer+Niños"
"Parque Comercial Abadía MANGO MAN LOCAL 19 - Ctra. Madrid-Toledo, km 65 CM-4003","Toledo 45003","Hombre"
"C/SAN MARCIAL, 30","San Sebastián 20005","Niños"
"La Marina Finestrat - MANGO KIDS AV. PAIS VALENCIA","Finestrat 03509","Niños"
"CENTRO COMERCIAL ZUBIARTE - Lehendakari Leizaola 2","Bilbao 48011","Mujer"
"Don Juan de Austria 38","Valencia 46002","Niños"
"Getaria Kalea 11","San Sebastián 20005","Mujer"
"RB CATALUNYA 76","Barcelona 08008","Niños"
"Sant Cugat del Vallés WOMAN - Av.DE LA VIA AUGUSTA 2-14","San Cugat del Vallés 08174","Mujer"
"C.C. MALAGA LARIOS CENTRO - C.C. MALAGA Larios Centro","Málaga 29002","Mujer"
"CC LA MAQUINISTA - C/ de Potosí, 2 Local B 92-93-94 KIDS","Barcelona 08030","Niños"
"As Cancelas - Av.DO CAMIÑO FRANCÉS,3 L-1.28","Santiago de Compostela 15703","Mujer"
"Dolce Vita Odeon SC - POL GANDARA s/n L.67-68 15570 NARON","Ferrol 15570","Mujer+Niños"
"plaza mayor - ALFONSO PONCE DE LEON, 2-3 L43","Málaga 29004","Mujer"
"HONDARRIBIA 13 15","San Sebastián 20005","Niños"
"C.C. Miramar - AV.ENCARNACION S/N LOC A55-A56","Fuengirola 29640","Mujer+Hombre+Niños"
"VALLE REAL - C/ALDAY s/n","SANTANDER 39600","Mujer"
"BERCEO - C/ LERIDA, 1, local L-103","Logroño 26006","Mujer"
"XENERAL DO PARDIÑAS, 18","Santiago de Compostela 15701","Hombre"
"Av. Libertad 2 L5 - HOMBRE","Murcia 30009","Hombre"
"C/ GOYA, 83","Madrid 28001","Niños"
"Caleido - PASEO DE LA CASTELLANA, 259 D,","Madrid 28046","Mujer"
"SANT CUGAT CENTRE C. SC KIDS - AV.DE LA VIA AUGUSTA 2-14 KIDS L.32","San Cugat del Vallés 08174","Niños"
"RAMBLA CATALUNYA, 97","Barcelona 08008","Niños"
"Av. GRAN CAPITAN, 18","Córdoba 14008","Niños"
"CC URBIL - BO. TXIKI-ERDI, 7","San Sebastián 20170","Mujer"
"PLAZA RIO 2 - C/ ANTONIO LOPEZ, 109 L. PA-07","Madrid 28026","Mujer"
"Plaza del Rio 2 - Antonio Lopez 109 L. PA-11","Madrid 28026","Hombre"
"Calle Francisco Pizarro, 47","Almendralejo 06200","Mujer"
"El Ventanal de la Sierra - Calle Tejera, 2","MADRID 28770","Mujer+Niños"
"El Rosal SC - Avenida de la Constitución s/n","PONFERRADA 24401","Mujer"
"Camino de la Plata - Av.Castilla y Leon 22","Burgos 09006","Mujer+Niños"
"PARQUE ASTUR - C/ PEDRERO, S/N","TRASONA 33468","Mujer+Hombre+Niños"
"Momentum Plaza - AV. MAGALLUF 14","Magaluf 07181","Mujer+Niños"
"Pasaje Comercio 9","LINARES 23700","Mujer"
"Ferial Plaza - Avda. Eduardo Guitián 13-19","Guadalajara 19002","Mujer+Hombre+Niños"
"PLAZA CENTRAL CALPE - AV.DIPUTACION S/N","Calpe 03710","Mujer+Hombre+Niños"
"Rey Juan Carlos I 10","ELDA 03600","Mujer"
"SANT RAFEL, 35","Olot 17800","Niños"
"centro comercial COPO - Diseminado Ctra Almerimar, 35","EL EJIDO 04700","Mujer+Niños"
"PLAZA ESPAÑA 7-A","Zafra 06300","Mujer"
"Centro Comercial Los Fresnos - C/RIO DE ORO, 3 L:2.6","GIJÓN/XIXÓN 33209","Mujer+Niños"
"C/ SANTA EULALIA, 11","MÉRIDA 06800","Mujer"
"Pz Rector Rubí 3","MANACOR 07500","Mujer"
"COSO BAJO, 11","Huesca 22001","Niños"
"Carrer D'EN CARBO, 18","TORTOSA 43500","Niños"
"LOS VALLES - RINCON DE LAS HERAS,1 L:10y11","COLLADO VILLALBA 28400","Mujer+Niños"
"C/ EMILIO CASTELAR, 45","ALCÁZAR DE SAN JUAN 13600","Niños"
"CALLE MAYOR, 26","Vinaròs 12500","Niños"
"UTRERA Almazara - C/MAYORALES,1 L:7,8,9 y 10","Utrera 41710","Mujer+Niños"
"Centro Comercial Dynamia - Av.EL GUIRNEI, 10","Petrel 03610","Mujer+Niños"
"C/COLON, 13","Cala Millor 07560","Niños"
"X Madrid - C/OSLO, 53 l:57-58-59-60","Alcorcón 28922","Mujer+Niños"
"Pz Navarra 3","Huesca 22002","Mujer"
"C/ OBISPO COBOS, 8","Úbeda 23400","Hombre"
"La Rosaleda - Av. SIMON BOLIVAR s/n","Málaga 29011","Mujer+Hombre"
"MORALEJA GREEN - AV. DE EUROPA, 13-15 LOCAL C1","ALCOBENDAS 28108","Mujer+Niños"
"parque almenara - C/DE EN MEDIO S/N LOCAL 37-40","LORCA 30813","Mujer"
"Zeharkalea Kalea, 2","Durango 48200","Niños"
"Reyes Católicos 26","ÁVILA 05001","Mujer"
"C.CIal. Torre Sevilla - Gonzalo Jimenez Quesada, 2","SEVILLA 41092","Mujer+Hombre"
"LA VITAL - Av.de la vital,10 Local B-8A","GANDIA 46701","Mujer+Niños"
"Tres Aguas - SAN MARTIN DE VALDEIGLESIAS 20","ALCORCÓN 28922","Mujer+Hombre+Niños"
"c.c plaza estacion - C/ de Hungría, S/N","FUENLABRADA 28943","Mujer"
"C/ OBISPO COBOS 2","Úbeda 23400","Mujer+Niños"
"Avinguda del capità Negrete,22","Ciudadela 07760","Hombre"
"Espacio Torrelodones - AV. DE LA FONTANILLA, 1","TORRELODONES 28250","Mujer+Hombre+Niños"
"Plaza del Maestro 10","Zamora 49003","Mujer"
"ribera del xuquer SC WN - C/ BOTICARIO BODI S/N","CARCAIXENT 46740","Mujer"
"RUTA DE LA PLATA - C/ LONDRES 1, LOCAL Z-1","CÁCERES 10005","Mujer+Hombre"
"Max Center - BARRIO KAREAGA K. S/N","Bilbao 48903","Mujer"
"Si - Av.JUAN CARLOS I, 44 L: B11","Zaragoza 50009","Niños"
"Plaza Estación - C/HUNGRIA, 8 LOCAL A-47","Fuenlabrada 28943","Niños"
"C/VALENTIN JUARA BELLOT, 4 (MANGO TEEN)","ALCALÁ DE HENARES 28805","Niños"
"CARRERA ESPINEL, 57","Ronda 29400","Niños"
"PALACIO DE HIELO - C/ DE SILVANO, 77","Madrid 28043","Mujer"
"N4 - Av. DEL GENIL s/n local: B08","Écija 41400","Mujer"
"C.C.CIUDAD TRES CANTOS - AV. de los labradores 9, 11.","Tres Cantos 28760","Mujer"
"Marqués de Campo 37","DÉNIA 03700","Mujer"
"Calle Almíbar nº50","Aranjuez 28300","Mujer+Niños"
"EL FARO - C.C. EL FARO","Badajoz 06006","Mujer+Hombre+Niños"
"BARAKALDO MAX CENTER - BARRIO KAREAGA K. S/N","Barakaldo 48903","Niños"
"C/SANT RAFEL, 35","Olot 17800","Niños"
"Area Sur - Carretera N-IV","JEREZ DE LA FRONTERA 11408","Mujer+Hombre+Niños"
"EL COPO - A-389, s/n LOCAL:17-22","El Ejido 04700","Niños"
"RAMBLA DEL CARME, 6","Vic 08500","Mujer"
"C/JACINT VERDAGUER, 8","Vic 08500","Niños"
"C/MAJOR, 4","Vinaroz 12500","Mujer"
"EL FARO - Av. de Elvas s/n","Badajoz 06006","Niños"
"C/MAYOR, 38","Albacete 02001","Hombre"
"Marineda City - Avenida de Arteixo 43","A CORUÑA 15008","Mujer+Hombre+Niños"
"Santo Domingo 47","Ourense 32003","Mujer+Hombre"
"PALACIO DE HIELO - C/DE SILVANO, 77 local:B11-12","Madrid 28043","Hombre"
"Av Llibertat 12","Mollet del Vallès 08100","Mujer"
"Cervantes 17","CUENCA 16004","Mujer+Hombre"
"El Boulevard - Zaramaga 1 CC Boulevard","VITORIA-GASTEIZ 01013","Mujer"
"itaroa - Avda. Intxaurdia, 5","Huarte 31620","Mujer+Niños"
"Oasiz Madrid - AV. PREMIOS NOBEL, 13 L.A06/07","TORREJÓN DE ARDOZ 28850","Mujer+Hombre+Niños"
"SOM Multiespai - Av. Rio de Janeiro, 42 Local 0-13","Barcelona 08016","Mujer+Hombre"
"JAEN PLAZA - PARAJE LAS LAGUNILLAS S/N L-22","JAÉN 23009","Mujer+Niños"
"Centro Comercial Family Parc - CTRA. N-340A, KM 1042","Benicarló 12580","Mujer+Hombre+Niños"
"C.Cial Atalayas - C/ MOLINA DE SEGURA S/N L46","MURCIA 30007","Mujer+Niños"
"Plaza Mayor - C.C. PLAZA MAYOR L:19-20","Xàtiva 46800","Mujer+Niños"
"WAY DOS - Av. Ing. Jose Luis Prats, 3","SEVILLA 41701","Mujer+Niños"
"Puerta Europa - AUTOVIA MEDITERRANEO A7 S. 106","ALGECIRAS 11203","Mujer"
"Pastor Díaz 18","IN 27850","Mujer+Niños"
"Av Primero de Julio 44","Valdepeñas 13300","Mujer+Niños"
"EL SALER - AV.PROFESSOR LOPEZ PIÑERO 16","VALENCIA 46013","Mujer+Hombre+Niños"
"VIALIA VIGO - Vigo-Urzáiz, 36201, Praza Estación, 1","VIGO 36201","Mujer+Hombre"
"Av. Capitan Negrete 57","Ciudadela 07760","Mujer"
"EL TELER - C/PINTOR SEGRELLES 1-3","Onteniente 46870","Mujer+Hombre+Niños"
"CC El Osito - Tuejar S-N loc MS 2 y 3","L'Eliana 46183","Mujer"
"CC La Tramuntana - Av Catalunya 3 CC la Tramuntana","EL PORTÚS 17709","Mujer"
"LA SIERRA SC - C/POETA EMILIO PRADOS S/N","CÓRDOBA 14011","Mujer"
"Ociopia - C/Obispo Victorio Oliver 2 I10","ORIHUELA 03300","Mujer+Niños"
"Way Dos Hermanas - Av. Ing. Jose Luis Prats, 3","DOS HERMANAS 41701","Hombre"
"CC Espacio Mediterraneo - Mediterraneo Pza Parque Medit CC Espacio","CARTAGENA 30395","Mujer"
"Real 41","LA LÍNEA DE LA CONCEPCIÓN 11300","Mujer+Niños"
"Comedias 14","ANTEQUERA 29200","Mujer"
"Leonor Servera 59","CALA RATJADA 07590","Mujer"
"Centro Comercial Magic Badalona - COMMERCIAL & TRADING CO.,","BADALONA 08917","Mujer+Niños"
"Ps Maritim 10 Port Alcudia","Alcudia 07400","Mujer"
"Ramón y Cajal 9","CIUDAD REAL 13001","Mujer"
"C/ CARRERA ESPINEL 49 BAJO","RONDA 29400","Mujer"
"Doctor Jaume Pi i Sunyer 11","ROSES 17480","Mujer+Niños"
"PLAÇA ESPANYA, 2","BLANES 17300","Mujer+Hombre"
"GOIENKALEA, 9","Durango 48200","Mujer"
"Aduana 10","Puertollano 13500","Mujer"
"GETAFE 3 - Av. Juan Carlos I, 1","Getafe 28905","Mujer+Niños"
"Barnasud - Progres, 69, LOCAL BNS B22-31","GAVA 08850","Mujer"
"La Zenia - P Cial Las Playas CC La Zenia","Orihuela 03189","Mujer"
"C/ EMILIO CASTELAR, 17","ALCÁZAR DE SAN JUAN 13600","Mujer"
"Emilia Castelar, 39","ALCÁZAR DE SAN JUAN 13600","Hombre"
"Pz Concello 2","Ribeira 15960","Mujer"
"EL TORMES - AV. DE SALAMANCA S/N LOCAL 8","SALAMANCA 37900","Mujer"
"Centro Comercial La Farga - Carrer de Barcelona, 2","BARCELONA 08901","Mujer+Niños"
"Ps Cristobal Colon 18","Cala Millor 07560","Mujer"
"Calle Groizard,9","DON BENITO 06400","Mujer+Niños"
"Ps Colom 122","CA'N PICAFORT 07458","Mujer+Niños"
"Carrer SANT MORI, 4-5 BAJOS","GIRONA 17487","Mujer"
"Gobernador Frdez Jmnez 3","Segovia 40001","Mujer"
"Calle la Vega,15","CÁDIZ 11130","Mujer"
"Pz de sa Bassa 6","MANACOR 07500","Niños"
"Aragonia - Av Juan Carlos I, 44","Zaragoza 50009","Mujer+Niños"
"CALLE TERRAZA, 42","ESTEPONA 29680","Mujer"
"C/ ROSARIO, 23","Albacete 02001","Niños"
"Marqués de Campo 8","DÉNIA 03700","Mujer+Hombre"
"Aragonia - AV. JUAN CARLOS I, 44","ZARAGOZA 50009","Hombre"
"Serrallo Plaza - PASEO LAGUNA CAMEROS 1 L-2B 3","GRANADA 18008","Mujer+Hombre+Niños"
"CC L'Epicentre - Av Advocat Fausto Caruana 37","SAGUNTO 46500","Mujer+Hombre+Niños"
"Coso Bajo 7","HUESCA 22001","Hombre"
"C/ JOAN MARAGALL, 9","Figueras 17600","Niños"
"CC Los Alfares - Cr Extremadura Km. 114","TALAVERA DE LA REINA 45600","Mujer+Hombre+Niños"
"Sant Rafel 23","Olot 17800","Mujer+Hombre"
"CC Plaza Eboli - Pablo Picasso S-N (Parque Industrial las Arenas)","PINTO 28320","Mujer+Hombre+Niños"
"Marqués de Campo 62","DÉNIA 03700","Niños"
"Carrer de Sant Jordi 2","CALA MILLOR 07560","Niños"
"Pz Dels Pins 21","Ciudadela 07760","Niños"
"CC Alcalá Magna - TIENDA WOMAN Valentín Juara Bellot 4 b 01","ALCALÁ DE HENARES 28805","Mujer+Hombre"
"CALLE SOL, 20","CALA MILLOR 07560","Hombre"
"C/DOCTOR PI I SUNYER, 28","ROSES 17480","Hombre"
"CC Metromar - Av de los Descubrimientos S-N","MAIRENA DEL ALJARAFE 41927","Mujer+Hombre+Niños"
"Pz Mayor 42","Plasencia 10600","Mujer+Hombre+Niños"
