"Dirección","Ciudad y CP"
"Av Portal de l'Àngel, 7","Barcelona 08002"
"Av Jaume III 9","Palma 07012"
"Mar 44","Badalona 08911"
"Don Juan de Austria 7","Valencia 46002"
"Porto Pi - Av Gabriel Roca 54","Palma 07015"
"Av Alexandre Rosselló 30","Palma 07002"
"Av. Maissonave 33-39","Alicante 03003"
"Uría 30","OVIEDO 33003"
"CC GranCasa - Poetisa María Zambrano, 35","Zaragoza 50018"
"Av Ricardo Soriano 17","Marbella 29601"
"CC Nuevo Centro - Av Pío XII 2 4 6","Valencia 46009"
"Parc Central - Av Cardenal Vidal Barraq 15","Tarragona 43005"
"Nervion Plaza - Luis de Morales S-N","Sevilla 41005"
"CC Garbera - Travesia de Garbera 1","San Sebastián 20017"
"CC L'Illa Diagonal - Av Diagonal 545 577","Barcelona 08029"
"Girona 20-22","Figueras 17600"
"Columela 23 bl esq jose del toro","Cádiz 11004"
"Las Rosas - Av Guadalajara S-N CC Las Rosas","Madrid 28037"
"Enmedio 59 - bl esq Colon 40","Castellón de la Plana 12001"
"Recogidas 11","Granada 18005"
"O'Donnell 7","Sevilla 41001"
"La Marina - Mango woman, País Valencià,2 ,1er piso local. 36","Finestrat 03509"
"CC Mediterraneo - Av del Mediterráneo S-N","Almería 04009"
"Major 74 76","Lleida 25007"
"Héroes de Alcántara 4","Valladolid 47001"
"Fuencarral 70","Madrid 28004"
"Av Libertad 2 L3 - MUJER","Murcia 30009"
"Av del Gran Capitán 14 16","Córdoba 14001"
"Ps Independencia 19 LOCAL","Zaragoza 50001"
"CC Baricentro - Cr Nacional 150 Km 6, 7 (Polígono Industrial A)","Barberà del Vallès 08210"
"Concepción 17","Huelva 21001"
"CC La Maquinista - C/ Potosí 2 local B-34","Barcelona 08030"
"El Ingenio - Av Juan Carlos I S-N (Polígono Industrial la Pañoleta)","VÉLEZ-MÁLAGA 29740"
"Real 85","A Coruña 15003"
"CC Maremagnum - Moll d'Espanya S-N","Barcelona 08039"
"Aqua Multiespacio - Menorca bl esq Pintor Maella","Valencia 46023"
"CC Txingudi - Lg Barrio Ventas 80 Parque Comercial Txingudi","Irun 20305"
"Parquesur - Av Gran Bretaña 24","LEGANÉS 28916"
"Preciados 10","Madrid 28013"
"Tinte 5","ALBACETE 02001"
"La Gavia - Av de las Suertes S/N","Madrid 28051"
"Gran Vía 32","MADRID 28013"
"CC Zielo Shopping - Av Europa 26 B Vía de las Dos Castillas esq Ctra de Aravaca","Pozuelo de Alarcón 28224"
"La Salera - Cr Nacional 340 Km 500, carr. nacional, 64","Castellón de la Plana 12006"
"CC Plaza Norte 2 - Pz Comercio 11-12 12","MADRID 28703"
"CC INTU XANADU - Cr Nac V Km 23500 marg Iz A","Arroyomolinos 28939"
"Bahia Sur - Caño Herrera S-N","SAN FERNANDO 11100"
"Gaztambide-carrera 8","TUDELA 31500"
"almorida 1","Elche 03203"
"Av Mediterráneo 1","Benidorm 03503"
"CC Gran Plaza 2 - Químicos 2, local B048","Majadahonda 28222"
"Fuencarral 4","Madrid 28004"
"Bolsa 1","Málaga 29015"
"Holea - Ronda Exterior Sur S-N","Huelva 21007"
"Velázquez 7","Sevilla 41001"
"Gran Vía Diego López de Haro 13","Bilbao 48001"
"Ps Gràcia 36","Barcelona 08007"
"Av Carlos III El Noble 31","Pamplona 31002"
"Nevada - Av. DE LAS PALMERAS, 75","Armilla 18100"
"Sant Miquel 18","Palma 07002"
"Consolación 9","Torrelavega 39300"
"Puerto Venecia - Av Casa de la Colina S-N L104","Zaragoza 50021"
"Àngel Guimerà 48","MANRESA 08241"
"Do Xeneral Pardiñas 22-24","Santiago de Compostela 15701"
"Principe 57","Vigo 36202"
"Santiago 2","Valladolid 47001"
"Benito Corbal 27","Pontevedra 36001"
"Parque Comercial La Cañada - Cr Ojén S-N","MARBELLA 29603"
"CC Nervion - Luis de Morales S-N L B 9","Sevilla 41005"
"Parque Comercial La Cañada - Cr Ojén S-N Local 2/3","Marbella 29603"
"Av Carlos III El Noble 11","Pamplona 31002"
"Av Alexandre Rosselló 32","Palma 07002"
"CC Mataró Parc - Estrasburg 5, L 15-16-23-24","Mataró 08304"
"CC Arenas - Gran Via de les Corts Catalanes 373-385 planta 1 local WOMAN","Barcelona 08015"
"CC Las Arenas - Gran Via de les Corts Catalanes 373 385, planta 1 local MAN.","Barcelona 08015"
"Ps Gràcia 22","Barcelona 08007"
"CC Plenilunio - Aracne S-N (Polígono Industrial las Mercedes)","Madrid 28022"
"Ps Gràcia 29-31","Barcelona 08007"
"Espai Gironès - Cm Carlins 10","Girona 17190"
"Corrida 28","Gijón 33206"
"HANNOVER 34","MAHON 07703"
"Orense 13","Madrid 28020"
"CALLE SERRANO, 60","Madrid 28001"
"CC L'Aljub - Jacarilla 7 loc B 51","Elche 03014"
"L'Aljub - Jacarilla 7 loc b 38 /a 19","Elche 03205"
"Principe 55","Vigo 36202"
"parque principado - Autovia A - 66 Km 4, 5 Paredes","OVIEDO 33429"
"Toro 11-13","Salamanca 37002"
"La Vaguada - Av Monforte de Lemos 36 L A 4 A A 4 B","Madrid 28029"
"San Antón 5 7","Logroño 26002"
"CC Bonaire - Cr Nac Iii - Con Ctra Aldaia - T","Aldaya 46960"
"Cuatro Caminos - Ramón y Cajal 55","A Coruña 15006"
"Rb Catalunya 90","Barcelona 08008"
"Benito Corbal 8","Pontevedra 36001"
"Av S'Agaró 10 12","Platja d'Aro 17250"
"Av Ordoño II 13","LEON 24001"
"Colón 44","Valencia 46004"
"Av Santa Eularia des Riu 1","Ibiza 07800"
"De sa Creu 26","Ibiza 07800"
"Getaria 7 Ed. Guetaria","San Sebastián 20005"
"Nou 9","MAHON 07701"
"Goya 79-81","Madrid 28001"
"Av Portal de l'Àngel 5","Barcelona 08002"
"CC Nevada - Hipócrates S-N","Armilla 18100"
"CC La Marina - MANGO MAN,País Valencia 2 l. 43 44 (Polígono Industrial la Cala)","Finestrat 03509"
"Marqués de Larios 6","Málaga 29005"
"Jesús de Monasterio 19","Santander 39008"
"Av. del gran Capitan, 9 PB","Córdoba 14008"
"Finestrelles - Carrer Laureà Miró 38 ,Nou 4","Finestrat 08950"
"LARIOS CENTRO - AV. DE LA AURORA 25, L-A1121","Málaga 29002"
"C/ URIA, 1","Oviedo 33003"
"Avda. PASEO DE ALMERIA, 27","Almería 04001"
"Rodríguez arias 23","Bilbao 48011"
"Av.S`AGARO, 4","Girona 17250"
"PLAZA DE LUGO, 18","A Coruña 15004"
"C.C. ESPACIO LEÓN - Av.DEL PAIS LEONES, 12 L:2.24","LEON 24010"
"RB PRINCIPAL 76","Vilanova i la Geltrú 08800"
"C/ TORO, 27","Salamanca 37002"
"Torrecárdenas - Av. Médico Francisco Pérez Company","Almería 04009"
"CC La Fira - Av Sant Jordi","Reus 43201"
"Carrer de la Canuda 2 4","Barcelona 08002"
"Arena Multiespacio - Santa Genoveva Torres 21","Valencia 46019"
"Arena Multiespacio - Sta Genoveva Torres 21, loc.21","Valencia 46019"
"Fan SC - Cardenal Rossell S-N","Palma 07007"
"CC As Termas - Av Duquesa de Lugo Infanta Elena (Polígono Industrial o Ceao)","Lugo 27297"
"Colón 31","Valencia 46004"
"westfield glories - AVINGUDA DIAGONAL, 208","Barcelona 08018"
"PLAZA MARQUES DE PALMER, 6","Palma 07001"
"C/PRINCIPE, 45","Vigo 36202"
"C/VICENTE CUERVO, 15","Ibiza 07800"
"rio shopping - calle ME FALTA UN TORNILLO,3","Valladolid 47195"
"PLAZA DE ESPAÑA, 19 local 3","Madrid 28013"
"C/NUEVA, 24","Málaga 29005"
"Dos Mares - San Javier Dos mares N-332 cruce el mirador ( Murcia ) local A-02","Murcia 30730"
"CC AQUA - C/DE MENORCA, 19","Valencia 46023"
"C/URIA, 26","Oviedo 33003"
"PLAZA NORTE 2 - MANGO KIDS - PL. DEL COMERCIO, 11-12","San Sebastián de los Reyes 28703"
"Plaza norte 2 - PLAZA NORTE 2, B62A-MANGO TEEN","Madrid 28703"
"BAHIA SUR - AVDA. CAÑO HERRERA, S/N","San Fernando 11100"
"Centro Comercial Larios - Av. DE LA AURORA, 25","Málaga 29002"
"PASEO GRACIA, 65","Barcelona 08008"
"Gran Jonquera SC - Av.DE GALICIA, 22-28","La Jonquera 17700"
"AVENIDA DIAGONAL, 514","Barcelona 08006"
"Lagoh - Av. DE PALMAS ALTAS, 1","Sevilla 41012"
"luz del tajo - Av. DEL RIO BOLADIEZ, s/n c.ccial luz del tajo","Toledo 45007"
"RAMBLA, 81 BAJOS","Sabadell 08202"
"CENTRO COMERCIALNUEVA CONDOMINA - AUTOVIA DEL MEDITERRANEO,","Murcia 30110"
"CC INTU XANADÚ - Cr Nav V Km 23500 marg lz A","Arroyomolinos 28939"
"PUERTO VENECIA - C.C.PUERTO VENECIA local:143","Zaragoza 50021"
"Puerto Venecia - C.C.PUERTO VENECIA local:107","Zaragoza 50021"
"Illa Diagonal - Av. DIAGONAL, 557 local: 3.33/3.34","Barcelona 08029"
"Illa Diagonal - Av. DIAGONAL, 557 local: 3.25","Barcelona 08029"
"C/SAN ELOY, 11","Sevilla 41001"
"Rio Shopping - C/ME FALTA UN TORNILLO, 3","Valladolid 47195"
"As Cancelas MANGO TEEN - Av. do camiño frances, 3","Santiago de Compostela 15703"
"Av.GRAN CAPITAN,18, L 3 y 1-G","Córdoba 14008"
"calle MIGDIA, 4","Girona 17002"
"C/BISBE LORENZANA, 29","Girona 17002"
"Gran Via - RUA DO MIRADOIRO, 2","Vigo 36210"
"LaGavia - C/ADOLFO BIOY CASARES, 2","Madrid 28051"
"PASEO PERE III, 30","Manresa 08242"
"C/SANTANDER, 21","Burgos 09004"
"CC MARINEDA CITY - EST. BAÑOS DE ARTEIXO, 43","A Coruña 15008"
"La Illa Diagonal - AVENIDA DIAGONAL, 557","Barcelona 08029"
"Rio Shopping - C/ME FALTA UN TORNILLO, 3","Valladolid 47195"
"Miramar - Av. DE LA ENCARNACION s/n","Fuengirola 29640"
"Gran Via de Vigo - RUA MIRADOIRO, 2","Vigo 36210"
"Gran Plaza - AV. DE ALICUN S/N L. 107-108","ROQUETAS DE MAR 04740"
"Islazul - C/CALDERILLA 1 L.T120-120A-121","Madrid 28054"
"Illa Diagonal - Av. Diagonal, 557, Local 2.52","Barcelona 08029"
"Paseo del Espolón, 32","Burgos 09003"
"Explanada de la estacion Vialia - Explanada de la estacion S/N","Málaga 29002"
"C.C.NUEVA CONDOMINA - A-7,, Km. 760, Churra","Murcia 30110"
"Loranca - Av. De Pablo Iglesias, 17","Fuenlabrada 28942"
"Gran Via hortaleza - Calle Ayacucho, 6","Madrid 28043"
"PARQUE COMERCIAL ABADíA - Ctra. CM-4003 Toledo","Toledo 45003"
"Parque Comercial Abadía MANGO MAN LOCAL 19 - Ctra. Madrid-Toledo, km 65 CM-4003","Toledo 45003"
"C/SAN MARCIAL, 30","San Sebastián 20005"
"La Marina Finestrat - MANGO KIDS AV. PAIS VALENCIA","Finestrat 03509"
"CENTRO COMERCIAL ZUBIARTE - Lehendakari Leizaola 2","Bilbao 48011"
"Don Juan de Austria 38","Valencia 46002"
"Getaria Kalea 11","San Sebastián 20005"
"RB CATALUNYA 76","Barcelona 08008"
"Sant Cugat del Vallés WOMAN - Av.DE LA VIA AUGUSTA 2-14","San Cugat del Vallés 08174"
"C.C. MALAGA LARIOS CENTRO - C.C. MALAGA Larios Centro","Málaga 29002"
"CC LA MAQUINISTA - C/ de Potosí, 2 Local B 92-93-94 KIDS","Barcelona 08030"
"As Cancelas - Av.DO CAMIÑO FRANCÉS,3 L-1.28","Santiago de Compostela 15703"
"Dolce Vita Odeon SC - POL GANDARA s/n L.67-68 15570 NARON","Ferrol 15570"
"plaza mayor - ALFONSO PONCE DE LEON, 2-3 L43","Málaga 29004"
"HONDARRIBIA 13 15","San Sebastián 20005"
"C.C. Miramar - AV.ENCARNACION S/N LOC A55-A56","Fuengirola 29640"
"VALLE REAL - C/ALDAY s/n","SANTANDER 39600"
"BERCEO - C/ LERIDA, 1, local L-103","Logroño 26006"
"XENERAL DO PARDIÑAS, 18","Santiago de Compostela 15701"
"Av. Libertad 2 L5 - HOMBRE","Murcia 30009"
"C/ GOYA, 83","Madrid 28001"
"Caleido - PASEO DE LA CASTELLANA, 259 D,","Madrid 28046"
"SANT CUGAT CENTRE C. SC KIDS - AV.DE LA VIA AUGUSTA 2-14 KIDS L.32","San Cugat del Vallés 08174"
"RAMBLA CATALUNYA, 97","Barcelona 08008"
"Av. GRAN CAPITAN, 18","Córdoba 14008"
"CC URBIL - BO. TXIKI-ERDI, 7","San Sebastián 20170"
"PLAZA RIO 2 - C/ ANTONIO LOPEZ, 109 L. PA-07","Madrid 28026"
"Plaza del Rio 2 - Antonio Lopez 109 L. PA-11","Madrid 28026"
"Calle Francisco Pizarro, 47","Almendralejo 06200"
"El Ventanal de la Sierra - Calle Tejera, 2","MADRID 28770"
"El Rosal SC - Avenida de la Constitución s/n","PONFERRADA 24401"
"Camino de la Plata - Av.Castilla y Leon 22","Burgos 09006"
"PARQUE ASTUR - C/ PEDRERO, S/N","TRASONA 33468"
"Momentum Plaza - AV. MAGALLUF 14","Magaluf 07181"
"Pasaje Comercio 9","LINARES 23700"
"Ferial Plaza - Avda. Eduardo Guitián 13-19","Guadalajara 19002"
"PLAZA CENTRAL CALPE - AV.DIPUTACION S/N","Calpe 03710"
"Rey Juan Carlos I 10","ELDA 03600"
"SANT RAFEL, 35","Olot 17800"
"centro comercial COPO - Diseminado Ctra Almerimar, 35","EL EJIDO 04700"
"PLAZA ESPAÑA 7-A","Zafra 06300"
"Centro Comercial Los Fresnos - C/RIO DE ORO, 3 L:2.6","GIJÓN/XIXÓN 33209"
"C/ SANTA EULALIA, 11","MÉRIDA 06800"
"Pz Rector Rubí 3","MANACOR 07500"
"COSO BAJO, 11","Huesca 22001"
"Carrer D'EN CARBO, 18","TORTOSA 43500"
"LOS VALLES - RINCON DE LAS HERAS,1 L:10y11","COLLADO VILLALBA 28400"
"C/ EMILIO CASTELAR, 45","ALCÁZAR DE SAN JUAN 13600"
"CALLE MAYOR, 26","Vinaròs 12500"
"UTRERA Almazara - C/MAYORALES,1 L:7,8,9 y 10","Utrera 41710"
"Centro Comercial Dynamia - Av.EL GUIRNEI, 10","Petrel 03610"
"C/COLON, 13","Cala Millor 07560"
"X Madrid - C/OSLO, 53 l:57-58-59-60","Alcorcón 28922"
"Pz Navarra 3","Huesca 22002"
"C/ OBISPO COBOS, 8","Úbeda 23400"
"La Rosaleda - Av. SIMON BOLIVAR s/n","Málaga 29011"
"MORALEJA GREEN - AV. DE EUROPA, 13-15 LOCAL C1","ALCOBENDAS 28108"
"parque almenara - C/DE EN MEDIO S/N LOCAL 37-40","LORCA 30813"
"Zeharkalea Kalea, 2","Durango 48200"
"Reyes Católicos 26","ÁVILA 05001"
"C.CIal. Torre Sevilla - Gonzalo Jimenez Quesada, 2","SEVILLA 41092"
"LA VITAL - Av.de la vital,10 Local B-8A","GANDIA 46701"
"Tres Aguas - SAN MARTIN DE VALDEIGLESIAS 20","ALCORCÓN 28922"
"c.c plaza estacion - C/ de Hungría, S/N","FUENLABRADA 28943"
"C/ OBISPO COBOS 2","Úbeda 23400"
"Avinguda del capità Negrete,22","Ciudadela 07760"
"Espacio Torrelodones - AV. DE LA FONTANILLA, 1","TORRELODONES 28250"
"Plaza del Maestro 10","Zamora 49003"
"ribera del xuquer SC WN - C/ BOTICARIO BODI S/N","CARCAIXENT 46740"
"RUTA DE LA PLATA - C/ LONDRES 1, LOCAL Z-1","CÁCERES 10005"
"Max Center - BARRIO KAREAGA K. S/N","Bilbao 48903"
"Si - Av.JUAN CARLOS I, 44 L: B11","Zaragoza 50009"
"Plaza Estación - C/HUNGRIA, 8 LOCAL A-47","Fuenlabrada 28943"
"C/VALENTIN JUARA BELLOT, 4 (MANGO TEEN)","ALCALÁ DE HENARES 28805"
"CARRERA ESPINEL, 57","Ronda 29400"
"PALACIO DE HIELO - C/ DE SILVANO, 77","Madrid 28043"
"N4 - Av. DEL GENIL s/n local: B08","Écija 41400"
"C.C.CIUDAD TRES CANTOS - AV. de los labradores 9, 11.","Tres Cantos 28760"
"Marqués de Campo 37","DÉNIA 03700"
"Calle Almíbar nº50","Aranjuez 28300"
"EL FARO - C.C. EL FARO","Badajoz 06006"
"BARAKALDO MAX CENTER - BARRIO KAREAGA K. S/N","Barakaldo 48903"
"C/SANT RAFEL, 35","Olot 17800"
"Area Sur - Carretera N-IV","JEREZ DE LA FRONTERA 11408"
"EL COPO - A-389, s/n LOCAL:17-22","El Ejido 04700"
"RAMBLA DEL CARME, 6","Vic 08500"
"C/JACINT VERDAGUER, 8","Vic 08500"
"C/MAJOR, 4","Vinaroz 12500"
"EL FARO - Av. de Elvas s/n","Badajoz 06006"
"C/MAYOR, 38","Albacete 02001"
"Marineda City - Avenida de Arteixo 43","A CORUÑA 15008"
"Santo Domingo 47","Ourense 32003"
"PALACIO DE HIELO - C/DE SILVANO, 77 local:B11-12","Madrid 28043"
"Av Llibertat 12","Mollet del Vallès 08100"
"Cervantes 17","CUENCA 16004"
"El Boulevard - Zaramaga 1 CC Boulevard","VITORIA-GASTEIZ 01013"
"itaroa - Avda. Intxaurdia, 5","Huarte 31620"
"Oasiz Madrid - AV. PREMIOS NOBEL, 13 L.A06/07","TORREJÓN DE ARDOZ 28850"
"SOM Multiespai - Av. Rio de Janeiro, 42 Local 0-13","Barcelona 08016"
"JAEN PLAZA - PARAJE LAS LAGUNILLAS S/N L-22","JAÉN 23009"
"Centro Comercial Family Parc - CTRA. N-340A, KM 1042","Benicarló 12580"
"C.Cial Atalayas - C/ MOLINA DE SEGURA S/N L46","MURCIA 30007"
"Plaza Mayor - C.C. PLAZA MAYOR L:19-20","Xàtiva 46800"
"WAY DOS - Av. Ing. Jose Luis Prats, 3","SEVILLA 41701"
"Puerta Europa - AUTOVIA MEDITERRANEO A7 S. 106","ALGECIRAS 11203"
"Pastor Díaz 18","IN 27850"
"Av Primero de Julio 44","Valdepeñas 13300"
"EL SALER - AV.PROFESSOR LOPEZ PIÑERO 16","VALENCIA 46013"
"VIALIA VIGO - Vigo-Urzáiz, 36201, Praza Estación, 1","VIGO 36201"
"Av. Capitan Negrete 57","Ciudadela 07760"
"EL TELER - C/PINTOR SEGRELLES 1-3","Onteniente 46870"
"CC El Osito - Tuejar S-N loc MS 2 y 3","L'Eliana 46183"
"CC La Tramuntana - Av Catalunya 3 CC la Tramuntana","EL PORTÚS 17709"
"LA SIERRA SC - C/POETA EMILIO PRADOS S/N","CÓRDOBA 14011"
"Ociopia - C/Obispo Victorio Oliver 2 I10","ORIHUELA 03300"
"Way Dos Hermanas - Av. Ing. Jose Luis Prats, 3","DOS HERMANAS 41701"
"CC Espacio Mediterraneo - Mediterraneo Pza Parque Medit CC Espacio","CARTAGENA 30395"
"Real 41","LA LÍNEA DE LA CONCEPCIÓN 11300"
"Comedias 14","ANTEQUERA 29200"
"Leonor Servera 59","CALA RATJADA 07590"
"Centro Comercial Magic Badalona - COMMERCIAL & TRADING CO.,","BADALONA 08917"
"Ps Maritim 10 Port Alcudia","Alcudia 07400"
"Ramón y Cajal 9","CIUDAD REAL 13001"
"C/ CARRERA ESPINEL 49 BAJO","RONDA 29400"
"Doctor Jaume Pi i Sunyer 11","ROSES 17480"
"PLAÇA ESPANYA, 2","BLANES 17300"
"GOIENKALEA, 9","Durango 48200"
"Aduana 10","Puertollano 13500"
"GETAFE 3 - Av. Juan Carlos I, 1","Getafe 28905"
"Barnasud - Progres, 69, LOCAL BNS B22-31","GAVA 08850"
"La Zenia - P Cial Las Playas CC La Zenia","Orihuela 03189"
"C/ EMILIO CASTELAR, 17","ALCÁZAR DE SAN JUAN 13600"
"Emilia Castelar, 39","ALCÁZAR DE SAN JUAN 13600"
"Pz Concello 2","Ribeira 15960"
"EL TORMES - AV. DE SALAMANCA S/N LOCAL 8","SALAMANCA 37900"
"Centro Comercial La Farga - Carrer de Barcelona, 2","BARCELONA 08901"
"Ps Cristobal Colon 18","Cala Millor 07560"
"Calle Groizard,9","DON BENITO 06400"
"Ps Colom 122","CA'N PICAFORT 07458"
"Carrer SANT MORI, 4-5 BAJOS","GIRONA 17487"
"Gobernador Frdez Jmnez 3","Segovia 40001"
"Calle la Vega,15","CÁDIZ 11130"
"Pz de sa Bassa 6","MANACOR 07500"
"Aragonia - Av Juan Carlos I, 44","Zaragoza 50009"
"CALLE TERRAZA, 42","ESTEPONA 29680"
"C/ ROSARIO, 23","Albacete 02001"
"Marqués de Campo 8","DÉNIA 03700"
"Aragonia - AV. JUAN CARLOS I, 44","ZARAGOZA 50009"
"Serrallo Plaza - PASEO LAGUNA CAMEROS 1 L-2B 3","GRANADA 18008"
"CC L'Epicentre - Av Advocat Fausto Caruana 37","SAGUNTO 46500"
"Coso Bajo 7","HUESCA 22001"
"C/ JOAN MARAGALL, 9","Figueras 17600"
"CC Los Alfares - Cr Extremadura Km. 114","TALAVERA DE LA REINA 45600"
"Sant Rafel 23","Olot 17800"
"CC Plaza Eboli - Pablo Picasso S-N (Parque Industrial las Arenas)","PINTO 28320"
"Marqués de Campo 62","DÉNIA 03700"
"Carrer de Sant Jordi 2","CALA MILLOR 07560"
"Pz Dels Pins 21","Ciudadela 07760"
"CC Alcalá Magna - TIENDA WOMAN Valentín Juara Bellot 4 b 01","ALCALÁ DE HENARES 28805"
"CALLE SOL, 20","CALA MILLOR 07560"
"C/DOCTOR PI I SUNYER, 28","ROSES 17480"
"CC Metromar - Av de los Descubrimientos S-N","MAIRENA DEL ALJARAFE 41927"
"Pz Mayor 42","Plasencia 10600"
